<openerp>
  <data>
    <record model="openacademy.course" id="course0">
        <field name="name">Course 0</field>
        <field name="description">Course 0's description

Can have multiple lines
        </field>
    </record>
    <record model="openacademy.course" id="course1">
        <field name="name">Course 1</field>
        <!-- no description for this one -->
    </record>
    <record model="openacademy.course" id="course2">
        <field name="name">Course 2</field>
        <field name="description">Course 2's description</field>
    </record>
</data>
</openerp>
